{
  "roc_auc": 0.5555555555555555,
  "pr_auc": 0.5070661364779012,
  "n_train": 80,
  "n_test": 20
}