{
  "random_forest": {
    "roc_auc": 0.6458333333333334,
    "pr_auc": 0.6203285992759677
  },
  "gradient_boosting": {
    "roc_auc": 0.6597222222222222,
    "pr_auc": 0.6432342430149447
  }
}